Espèce,Variété,Année de plantation,Porte greffe,Type de sol,Remarques diverses,Latitude,Longitude,Adresse de la plantation
Poirier,Beurrée de l'Assomption,2018,Kirchensaller,,,45.449627,-0.049318,
Poirier,Blanquette de Saintonge,2018,Kirchensaller,,,45.449612,-0.049265,
Poirier,Duchesse d'Eté,2018,Kirchensaller,,,45.449597,-0.049215,
Poirier,de la livre ou Cailla Rosa (Caïa rosa),2015,BA29,,,45.449589,-0.049337,
Poirier,?,2016,,,,45.449598,-0.049524,
Poirier,"Beurrée Bosc, 436 Jaune d'Enghien, 437 Président Héron",,Kirchensaller,,,45.44949,-0.049261,
Poirier,Beurrée D'Arenberg (ou d'Hardempont),2014,Kirchensaller,,,45.449501,-0.049314,
Poirier,Beurrée d'Amanlis,2014,Kirchensaller,,,45.449517,-0.049371,
Poirier,Beurrée Clairgeau,2014,Kirchensaller,,,45.44953,-0.049428,
Poirier,Beurrée Superfin,2014,Kirchensaller,,,45.449549,-0.049487,
Poirier,Beurrée Espéren,2014,Kirchensaller,,,45.449576,-0.049597,
Poirier,André Desportes,2014,Kirchensaller,,,45.449589,-0.049648,
Poirier,Beurrée Giffard,2014,Kirchensaller,,,45.44956,-0.04954,
Poirier,Ambrette d'été,2014,Kirchensaller,,,45.449601,-0.049706,
Poirier,Soeur Grégoire,2014,Kirchensaller,,,45.449617,-0.049763,
Poirier,Abbé Fétel (Abathe),2014,Kirchensaller,,,45.449632,-0.049818,
Poirier,D'hiver de M. Demaille,2014,Kirchensaller,,,45.449465,-0.049328,
Poirier,de Monsieur Richard,2014,Kirchensaller,,,45.449452,-0.049277,
Poirier,Curé,2014,Kirchensaller,,,45.449475,-0.049381,
Poirier,Comtesse de Paris,2014,Kirchensaller,,,45.449491,-0.049438,
Poirier,Clapp's favourite,2014,Kirchensaller,,,45.449508,-0.049497,
Poirier,Citron (des carmes),2014,Kirchensaller,,,45.44952,-0.049552,
Poirier,Duc de Bordeaux,2014,Kirchensaller,,,45.449534,-0.049605,
Poirier,Beurrée Six,2014,Kirchensaller,,,45.449545,-0.049658,
Poirier,Beurrée La Quintinie de Chabanais,2014,Kirchensaller,,,45.449562,-0.049714,
Poirier,Beurrée La Quintinnie de Chabanais,2014,Kirchensaller,,,45.449578,-0.049776,
Poirier,Beurrée de Naghin,2014,Kirchensaller,,,45.449588,-0.049822,
Poirier,Général Leclerc,2014,Kirchensaller,,,45.449416,-0.04929,
Poirier,GD3,2014,Kirchensaller,,,45.449425,-0.049337,
Poirier,G.D.2©,2014,Kirchensaller,,,45.449435,-0.049387,
Poirier,Doyenné du comice,2014,Kirchensaller,,,45.449455,-0.049455,
Poirier,Fontenel?,2014,Kirchensaller,,,45.449463,-0.04951,
Poirier,Epine du Mas ou duc de Bordeaux,2014,Kirchensaller,,,45.449481,-0.049564,
Poirier,Duchesse de Bordeaux,2014,Kirchensaller,,,45.449496,-0.049627,
Poirier,Duchesse d'Angoulème,2014,Kirchensaller,,,45.449509,-0.049678,
Poirier,Comtesse de Paris©,2014,Kirchensaller,,,45.449524,-0.049738,
Poirier,Doyenné du comice,2014,Kirchensaller,,,45.449541,-0.049793,
Poirier,Docteur Guyot,2014,Kirchensaller,,,45.449552,-0.049846,
Poirier,Rocha,2014,Kirchensaller,,,45.449373,-0.049306,
Poirier,Président Drouard©,2014,Kirchensaller,,,45.449384,-0.049358,
Poirier,Précoce d'Août,2014,Kirchensaller,,,45.4494,-0.049406,
Poirier,Conférence,2014,Kirchensaller,,,45.449415,-0.049469,
Poirier,Poirillon de Juillet,2014,Kirchensaller,,,45.449427,-0.049528,
Poirier,Beurrée Hardy,2014,Kirchensaller,,,45.44944,-0.049582,
Poirier,Olivier de Serres,2014,Kirchensaller,,,45.449456,-0.049641,
Poirier,Mouille-Bouche,2014,Kirchensaller,,,45.449464,-0.049703,
Poirier,Madame Ballet,2014,Kirchensaller,,,45.449486,-0.049749,
Poirier,Louise Bonne (ou Bonne Louise) d'Avranche,2014,Kirchensaller,,,45.449502,-0.049806,
Poirier,Jeanne d'Arc,2014,Kirchensaller,,,45.449518,-0.049858,
Poirier,Cuisse-madame (épargne) ??,2014,Kirchensaller,,,45.449336,-0.049324,
Poirier,GD1,2014,Kirchensaller,,,45.449346,-0.049379,
Poirier,Sucré vert ??,2014,Kirchensaller,,,45.449362,-0.049426,
Poirier,William rouge,2014,Kirchensaller,,,45.449377,-0.049481,
Poirier,Passe-crassane ??,2014,Kirchensaller,,,45.449391,-0.049541,
Poirier,Marguerite Marillat ??,2014,Kirchensaller,,,45.449405,-0.049594,
Poirier,M. Richard,2014,Kirchensaller,,,45.449416,-0.049653,
Poirier,Sucrée de Montluçon ??,2014,Kirchensaller,,,45.449428,-0.049714,
Poirier,Soeur Grégoire ??,2014,Kirchensaller,,,45.449448,-0.049772,
Poirier,Saint Amour ??,2014,Kirchensaller,,,45.449467,-0.04982,
Poirier,Rondelette de Ruelle ??,2014,Kirchensaller,,,45.449476,-0.049878,
Poirier,Beurrée Six ??,2014,Kirchensaller,,,45.449301,-0.049337,
Poirier,Beurrée Hardy,2015,Kirchensaller,,,45.44931,-0.049387,
Poirier,Van Marum type 1 ??,2016,Kirchensaller,,,45.449333,-0.049497,
Poirier,Roussette,2023,Kirchensaller,,,45.449212,-0.049792,
Poirier,d'Hiver M. Demaille,2015,BA29,,,45.449847,-0.049838,
Poirier,GD3,2015,BA29,,,45.449891,-0.049826,
Poirier,GD2,2015,,,,45.449903,-0.049825,
Cerisier,Bigarreau Burlat,2014,,,,45.450678,-0.049377,
Cerisier,Cerise fraise,2015,Sainte Lucie,,,45.450352,-0.048954,
Cerisier,Bigarreau Moreau souvenir des charmes,2014,,,,45.450379,-0.049516,
Cerisier,Bigarreau tardif du Poitou (de Vignola),2014,,,,45.450227,-0.049575,
Cerisier,Belle de brunetière,2014,,,,45.45071,-0.049058,
Cerisier,Claude Lambert (Précoce de chine),2015,P. Cerasus,,,45.450225,-0.048942,
Cerisier,Bigarreau Coeur de Boeuf,2014,,,,45.450629,-0.049402,
Cerisier,Bigarreau Marmotte,2014,,,,45.450432,-0.049492,
Cerisier,Bigarreau Napoléon,2014,,,,45.450692,-0.048988,
Cerisier,Chapata (Xapata),2015,Sainte Lucie,,,45.450285,-0.048931,
Cerisier,Bigarreau Reverchon,2014,,,,45.450675,-0.048922,
Cerisier,Guin doux (franc Richard),,Franc Richard,,,45.450541,-0.048858,
Cerisier,Anglaise hâtive,2014,,,,45.450778,-0.049334,
Cerisier,Bigarreau blancTrompe geai,2014,,,,45.45073,-0.049349,
Cerisier,Carrade ( C. carrée ),2015,Sainte Lucie,,,45.450444,-0.048905,
Cerisier,Bigarreau court-Picou,2014,,,,45.450536,-0.049446,
Cerisier,Cerisier Pentecôte,2022,,,,45.450644,-0.048783,
Cerisier,Early River,2014,,,,45.450656,-0.048847,
Cerisier,Monsieur De Piron,2015,Sainte Lucie,,,45.450501,-0.04888,
Cerisier,Guindoux des Charentes Big Van,2014,,,,45.450127,-0.049609,
Cerisier,Naples,,Franc?,,,45.450188,-0.048966,
Cerisier,Cerisier Reine Hortense,2014,,,,45.450729,-0.049122,
Cerisier,Griotte de Moissac,2014,Franc,,,45.450052,-0.04956,
Cerisier,Mauriane,2020,Merisier,,,45.450081,-0.049008,
Cerisier,Cerise blanche trompe geai ?,2014,,,,45.450751,-0.0492,
Cerisier,Carrée blanche,2020,Merisier,,,45.450408,-0.048925,
Cerisier,Bigarreau cœur de pigeon blanc,2014,,,,45.450584,-0.049423,
Cerisier,"Pierre Pigeaud de Pillac ""ex Précoce""/ Noire ferme",2014,,,,45.450074,-0.049638,
Cerisier,Bigarreau Van type Napoléon,2014,,,,45.450175,-0.049594,
Cerisier,Précoce de la marche,2017,Mersier,,,45.450026,-0.04903,
Cerisier,Précoce Noire à longue queue,2016,,,,45.450764,-0.049263,
Cerisier,Jarnac,2022,Merisier,,,45.449767,-0.049689,
Cerisier,Xapata,2021,Merisier,,,45.450128,-0.04899,
Cerisier,Précoce Noire à Longue queue,2017,Merisier,,,45.449979,-0.049052,
Cerisier,Bigarreau Duroni,2014,,,,45.450479,-0.049477,
Cerisier,Bigarreau Stark Hardy Géant,2014,,,,45.450331,-0.049531,
Cerisier,Bigarreau Summit,2014,,,,45.450278,-0.049555,
Cerisier,Beltxa,2023,Maxma 14,,,45.449657,-0.049246,
Pommier,Belle Limousine,2017,Bittenfelder,,,45.450273,-0.049327,
Pommier,"Malus sieversii "" Eliane """,2018,,,,45.45021,-0.0495,
Pommier,Mercier,,Bittenfelder,,,45.45036,-0.049442,
Pommier,La Lézardière ou Clos Foucaud,2017,Bittenfelder,,,45.450184,-0.049199,
Pommier,Beausoleil,2018,Bittenfelder,,,45.450195,-0.049432,
Pommier,Jaune striée de La Chapelle,2017,Bittenfelder,,,45.450224,-0.049342,
Pommier,Reine des reinettes (Rivière de Montemboeuf ?),2018,Bittenfelder,,,45.450146,-0.049062,
Pommier,Rose de Saint-Yrieix ( à confirmer ),2017,Bittenfelder,,,45.450241,-0.049416,
Pommier,La Cantelaude,2017,Bittenfelder,,,45.450206,-0.049266,
Pommier,Pascaudine,2021,,,,45.450101,-0.049313,
Pommier,Rouge de Hollande,2018,Bittenfelder,,,45.450165,-0.049125,
Pommier,Reinette du Canada blanche©,2014,Bittenfelder,,,45.450368,-0.049021,
Pommier,Azéroli anisé,2014,Bittenfelder,,,45.450385,-0.049286,
Pommier,Belle de Macqueville©,2022,Bittenfelder,,,45.450141,-0.04922,
Pommier,du Pible de Montboyer,2015,Bittenfelder,,,45.450328,-0.049305,
Pommier,Rambour d'hiver extra,2014,Bittenfelder,,,45.45047,-0.04918,
Pommier,Dieu ?,2014,Bittenfelder,,,45.450616,-0.049333,
Pommier,Cul de Mulet,2015,Bittenfelder,,,45.45024,-0.049017,
Pommier,Beausoleil ,2014,Bittenfelder,,,45.450348,-0.04916,
Pommier,Madeleine d'Août,2015,Bittenfelder,,,45.450287,-0.049164,
Pomme,Court-pendue rouge ( Didier Mongars),2014,MM106,,,45.449863,-0.049534,
Pommier,de Mr Rapet,2015,Bittenfelder,,,45.450269,-0.049085,
Pommier,Cinq côtes de Charente,2014,Bittenfelder,,,45.4503,-0.049018,
Pommier,Dieu (S. Claireau)©,2014,Bittenfelder,,,45.450598,-0.049271,
Pommier,Belle des 6 chemins(Genté),2015,Bittenfelder,,,45.450306,-0.049237,
Pommier,Double bon pommier,2014,Bittenfelder,,,45.450584,-0.049203,
Pommier,Gros locard,2014,Bittenfelder,,,45.45033,-0.049101,
Pommier,Feuilloux,2014,Bittenfelder,,,45.450569,-0.04914,
Pommier,Forlasse blanche,2014,Bittenfelder,,,45.450554,-0.049077,
Pommier,Grand Alexandre,2014,Bittenfelder,,,45.450535,-0.049,
Pommier,Grosse jaune Lauvige©,2014,Bittenfelder,,,45.450514,-0.04894,
Pommier,Rousse,2014,MM106,,,45.449824,-0.049369,
Pommier,Jaune François Ier,2014,Bittenfelder,,,45.450574,-0.049356,
Pommier,Museau de lièvre vert,2014,Bittenfelder,,,45.450506,-0.049311,
Pommier,La nationale,2014,Bittenfelder,,,45.450502,-0.049101,
Pommier,Macoun,2014,Bittenfelder,,,45.450486,-0.049038,
Pommier,Maguis jaune ©,2014,Bittenfelder,,,45.45047,-0.048972,
Pommier,Rouge précoce (Vista-bella)©,2014,MM106,,,45.449842,-0.04942,
Pommier,Châtignac tardive©,2014,Bittenfelder,,,45.450596,-0.049056,
Pommier,De la livre,2014,Bittenfelder,,,45.450557,-0.048921,
Pommier,Jolibois©,2014,Bittenfelder,,,45.450535,-0.049226,
Pommier,Cardinal,2014,Bittenfelder,,,45.45062,-0.049117,
Pommier,Jaune du pas des marais ( Le Douhet),2014,Bittenfelder,,,45.450554,-0.049289,
Pommier,Reine des reinettes©,2014,Bittenfelder,,,45.450463,-0.049125,
Pommier,Court pendue du Limousin ?,2014,Bittenfelder,,,45.450579,-0.048984,
Pomme,Pomme d'Albret,2014,Bittenfelder,,,45.450371,-0.049217,
Pommier,Rouge de St Sornin,2014,MM106,,,45.449859,-0.04948,
Pommier,Malus Zita,2020,,,,45.450519,-0.049165,
Pommier,Reinette du Mans©,2014,Bittenfelder,,,45.450395,-0.049347,
Pommier,Reinette Baumann©,2014,Bittenfelder,,,45.450444,-0.049062,
Pommier,Calville rouge d'Hiver,2014,Bittenfelder,,,45.45066,-0.049317,
Pommier,Calville rouge de Charente ou Caramille©,2014,Bittenfelder,,,45.450651,-0.04925,
Pommier,Calville royale ©,2014,Bittenfelder,,,45.450639,-0.04919,
Pommier,Calville blanc d'Hiver,2014,Bittenfelder,,,45.450614,-0.048897,
Pommier,Reinette d'Escadres©,2014,Bittenfelder,,,45.450428,-0.048996,
Pommier,Patrick Parade,2014,Bittenfelder,,,45.450485,-0.049247,
Pommier,de Sore,2021,,,,45.450081,-0.049244,
Pommier,Reinette marbrée d'Auvergne,2020,Bittenfelder,,,45.450102,-0.04908,
Pommier,Reinette de Vignolles,2021,,,,45.450061,-0.049175,
Pommier,Reinette de France,2014,Bittenfelder,,,45.450462,-0.049399,
Pommier,Reinette des capucins,2017,Bittenfelder,,,45.450257,-0.04948,
Pommier,Reinette dorée©,2014,Bittenfelder,,,45.4504,-0.049147,
Pommier,Reinette franche,2014,MM106,,,45.449909,-0.049704,
Pommier,Reinette dorée de Corrèze (grise et jaune),2014,Bittenfelder,,,45.450385,-0.049088,
Pommier,Reinette du grande Faye©,2014,Bittenfelder,,,45.450411,-0.049419,
Pommier,Reinette de La Rochelle,2014,Bittenfelder,,,45.450444,-0.049328,
Pommier,Reinette de Mansle©,2014,Bittenfelder,,,45.45043,-0.049268,
Pommier,Reinette grain d'or,2014,Bittenfelder,,,45.450343,-0.049369,
Pommier,Reinette de Ruffec©,2014,Bittenfelder,,,45.450414,-0.049203,
Pommier,Astrakan rouge,2014,Bittenfelder,,,45.450699,-0.049233,
Pommier,Api étoilée,2014,Bittenfelder,,,45.450716,-0.049291,
Pommier,Azéroli Anisé,2014,Bittenfelder,,,45.450681,-0.049154,
Pommier,Belle de Boskoop,2014,Bittenfelder,,,45.450668,-0.049083,
Pommier,Belle fille de l'Indre,2014,Bittenfelder,,,45.450648,-0.049026,
Pommier,Belle fleur jaune,2014,Bittenfelder,,,45.450634,-0.048954,
Pommier,Bigarreau Rainier,2020,Merisier,,,45.450589,-0.04882,
Pommier,Chatignac tardive,2016,MM106,,,45.450314,-0.049456,
Pommier,Calville d'Espagne,2016,Bittenfelder,,,45.450296,-0.049389,
Pommier,Akane,2017,Bittenfelder,,,45.450252,-0.049254,
Pommier,Calville de La Rochelle,2020,Bittenfelder,,,45.450176,-0.049358,
Pommier,De glace,2017,Bittenfelder,,,45.450215,-0.049111,
Pommier,Dorée du Gibouin,2017,Bittenfelder,,,45.450203,-0.049039,
Pommier,Des moissons,2020,Bittenfelder,,,45.450157,-0.049287,
Pommier,Patentée,2020,Bittenfelder,,,45.450122,-0.04915,
Pommier,Malus Royalti,2020,,,,45.450015,-0.049189,
Pommier,Api rose,2014,MM106,,,45.450027,-0.049661,
Pommier,Bénédictin,2014,MM106,,,45.450007,-0.049589,
Pommier,Bonne Hotture,2014,MM106,,,45.449996,-0.049532,
Pommier,Bouloneix,2014,MM106,,,45.449975,-0.049478,
Pommier,Malus Pom Zai,2020,,,,45.449966,-0.049424,
Pommier,Coeur de Boeuf,2014,MM106,,,45.449946,-0.049373,
Pommier,Freyberg©,2014,MM106,,,45.449967,-0.049612,
Pommier,Glace de Pont Labbé d'Arnoult,2014,MM106,,,45.449959,-0.04955,
Pommier,Grand-Mère,2014,MM106,,,45.449938,-0.049499,
Pommier,Jonathan©,2014,MM106,,,45.449926,-0.049447,
Pommier,Kidd's orange red,2014,MM106,,,45.449916,-0.049394,
Pommier,La douce,2014,MM106,,,45.449896,-0.049336,
Pommier,Maguis rouge (≈Calville rouge de Verneuil),2014,MM106,,,45.449883,-0.049277,
Pommier,Patte de loup©,2014,MM106,,,45.449869,-0.049209,
Pommier,Pêche,2014,MM106,,,45.44985,-0.049161,
Pommier,Pierre©,2014,MM106,,,45.449838,-0.049112,
Pommier,Pineau de Villeneuve,2014,MM106,,,45.449948,-0.049681,
Pommier,Pomme à cidre (Alain Gilbert)©,2014,MM106,,,45.449936,-0.049628,
Pommier,Pouzac,2014,MM106,,,45.449922,-0.049571,
Pommier,Racine,2014,MM106,,,45.449907,-0.049514,
Pommier,Racine rouge,2014,MM106,,,45.449891,-0.049463,
Pommier,Ramane,2014,MM106,,,45.449876,-0.049408,
Pommier,Rambour GD,2014,MM106,,,45.449867,-0.049347,
Pommier,Châtaignier,2017,Bittenfelder,,,45.450232,-0.049179,
Pommier,Rambour verte,2014,MM106,,,45.449846,-0.049287,
Pommier,Groie d'or,2014,MM106,,,45.449831,-0.049233,
Pommier,Reinette Clochard,2014,MM106,,,45.449811,-0.049177,
Pommier,Reinette d'Armorique,2014,MM106,,,45.449801,-0.049126,
Pommier,Transparente de Croncels,2014,MM106,,,45.449868,-0.049716,
Pommier,Rivière d'hiver (Pillac)©,2014,MM106,,,45.449893,-0.049646,
Pommier,Rose de Bénauge,2014,,,,45.449882,-0.04959,
Pommier,St Jean Tricolore,2014,MM106,,,45.449809,-0.049306,
Pommier,Coing©,2014,MM106,,,45.449941,-0.049309,
Pommier,Savoureuse des Groies,2014,MM106,,,45.449794,-0.049251,
Pommier,Pascaude,2014,MM106,,,45.449776,-0.049196,
Pommier,Tardive  de Saint Romain,2014,MM106,,,45.449759,-0.049137,
Pommier,Trompe Gelée,2014,MM106,,,45.449855,-0.049658,
Pommier,Verdalle,2014,MM106,,,45.449837,-0.049602,
Pommier,Winter Banana,2014,MM106,,,45.449824,-0.049543,
Pommier,Belle de Macqueville,2014,MM106,,,45.449813,-0.049491,
Pommier,Calville striée d'automne,2014,MM106,,,45.449795,-0.049438,
Pommier,Bismarck,2014,MM106,,,45.44978,-0.049381,
Pommier,Cramoisie de Gascogne,2014,MM106,,,45.449769,-0.049325,
Pommier,D'anis©,2014,MM106,,,45.449919,-0.049249,
Pommier,De fer,2014,MM106,,,45.449904,-0.049191,
Pommier,Cul Roux,2014,MM106,,,45.44975,-0.04927,
Pommier,De Serge Jaune,2014,MM106,,,45.449889,-0.049139,
Pommier,Reinette d'Amboulne,2014,MM106,,,45.449736,-0.049207,
Pommier,Saint Ignace,2014,MM106,,,45.449718,-0.049157,
Pommier,Saint Jean,2014,MM106,,,45.449829,-0.049729,
Pommier,Forlasse Rouge,2014,MM106,,,45.44998,-0.049672,
Pommier,Fenouillet (azéroli)©,2014,MM106,,,45.449877,-0.049089,
Pommier,Saint Pierre,2014,MM106,,,45.449809,-0.049674,
Pommier,Sainte Germaine ou de l'estre ou reinette de Brives ou de Conte,2014,MM106,,,45.449805,-0.049616,
Pommier,Signe Tillisch,2014,MM106,,,45.449787,-0.049557,
Pommier,Vigneronne,2014,MM106,,,45.44977,-0.049504,
Pommier,Calville rose des Charentes,2016,MM106,,,45.449757,-0.049457,
Pommier,Pomme du Grelon,2015,MM106,,,45.449738,-0.0494,
Pommier,Claude,2016,MM106,,,45.449725,-0.049347,
Pommier,Pépin d'or,2015,MM106,,,45.449709,-0.049286,
Pommier,Reinette marbrée d'Auvergne,2016,MM106,,,45.449691,-0.049223,
Pommier,Cinq Douelles,2016,MM106,,,45.449678,-0.049175,
Pommier,Suire,2022,,,,45.449645,-0.049188,
Pommier,Malus Yunnamensis Veiotchi,2020,,,,45.449549,-0.049354,
Pommier,Malus Dolgo,2020,,,,45.449832,-0.049838,
Pommier,La Nationale,2015,,,,45.44986,-0.049833,
Pommier,Châtignac,2015,,,,45.449876,-0.049827,
Pommier,Reinette de Mansle,2015,M9,,,45.449912,-0.049818,
Pommier,Sainte Ignace,2015,M9,,,45.449922,-0.049814,
Pommier,Rivière d'hiver (Pillac),2015,M9,,,45.449938,-0.049813,
Pommier,Patte de Loup,2015,M9,,,45.449941,-0.049808,
Pommier,Court Pendue du Limousin,2015,M9,,,45.449953,-0.049804,
Pommier,Pouzac,2015,M9,,,45.449961,-0.049796,
Pommier,Saint Pierre,2015,M9,,,45.449971,-0.049795,
Pommier,Tardive de Saint Romain,2015,M9,,,45.449978,-0.049794,
 autre,,,,,,45.449496,-0.049172,
 autre,,,,,,45.449744,-0.049068,
 autre,,,,,,45.450623,-0.048708,
 autre,,,,,,45.450567,-0.048726,
 autre,,,,,,45.450518,-0.048746,
 autre,,,,,,45.450466,-0.048766,
 autre,,,,,,45.450415,-0.048782,
 autre,,,,,,45.45037,-0.048805,
 autre,,,,,,45.45031,-0.048828,
 autre,,,,,,45.450263,-0.048853,
 autre,,,,,,45.450211,-0.048876,
 autre,,,,,,45.450168,-0.048895,
 autre,,,,,,45.450107,-0.048918,
 autre,,,,,,45.450056,-0.048942,
 autre,,,,,,45.449167,-0.050001,
 autre,,,,,,45.450836,-0.049308,
 autre,,,,,,45.450818,-0.049239,
 autre,,,,,,45.450801,-0.049171,
 autre,,,,,,45.450742,-0.048955,
 autre,,,,,,45.450763,-0.049028,
 autre,,,,,,45.450687,-0.048757,
 autre,,,,,,45.450724,-0.048887,
 autre,,,,,,45.450706,-0.048814,
 autre,,,,,,45.449125,-0.049329,
 autre,,,,,,45.45078,-0.049099,
 autre,,,,,,45.450004,-0.048955,
 autre,,,,,,45.449952,-0.048978,
 autre,,,,,,45.449907,-0.049002,
 autre,,,,,,45.44986,-0.04902,
 autre,,,,,,45.449818,-0.049036,
 autre,,,,,,45.44905,-0.049438,
 autre,,,,,,45.449778,-0.049056,
 autre,,,,,,45.449155,-0.049946,
 autre,,,,,,45.4497,-0.049092,
 autre,,,,,,45.449138,-0.049893,
 autre,,,,,,45.449124,-0.049838,
 autre,,,,,,45.449658,-0.049109,
 autre,,,,,,45.449619,-0.049121,
,Point 36,,,,,45.449112,-0.049784,
 autre,,,,,,45.4491,-0.049725,
 autre,,,,,,45.44909,-0.04967,
 autre,,,,,,45.449081,-0.049616,
 autre,,,,,,45.449071,-0.049558,
 autre,,,,,,45.44906,-0.0495,
 autre,,,,,,45.449575,-0.049138,
 autre,,,,,,45.449537,-0.049152,
 autre,,,,,,45.449462,-0.049188,
,Repère ,,,,,45.449427,-0.049202,
 autre,,,,,,45.449394,-0.049217,
,Repère ,,,,,45.449353,-0.049233,
,Repère ,,,,,45.449311,-0.049247,
,Repère ,,,,,45.44928,-0.049265,
 autre,,,,,,45.449245,-0.049282,
 autre,,,,,,45.449207,-0.049298,
 autre,,,,,,45.449165,-0.049308,
Amandier,Amandier de Meschers,2021,,,,45.450045,-0.049104,
Amandier,Bourivel/ Pêcher franc ?,2017,Franc,,,45.45009,-0.04947,
Pêche,Pêcher La vineuse précoce,2014,GF677,,,45.449251,-0.049776,
Pêche,Pêcher,,GF677,,,45.449267,-0.049837,
Pêcher,Colombine,2015,GF677,,,45.449191,-0.049582,
Pêcher,Roussane de Monein,,GF677,,,45.449173,-0.049515,
Pêcher,A feuilles rouges,2015,GF677,,,45.449159,-0.049464,
Pêcher,Pêcher,,GF677,,,45.449225,-0.04937,
Pêcher,"Nectarine sanguine
",2014,GF677,,,45.449331,-0.049937,
Pêcher,Marbrée©,2015,GF677,,,45.449317,-0.049882,
Pêcher,May Flower©,2014,GF677,,,45.449285,-0.049768,
Pêcher,Pêcher,,GF677,,,45.449228,-0.04956,
Pêcher,Pêche sanguine tardive©,2014,GF677,,,45.449211,-0.049498,
Pêcher,Red haven,2014,GF677,,,45.449195,-0.049441,
Pêcher,Grosse Pavie Jaune,2014,GF677,,,45.449182,-0.049378,
Abricotier,Angoumois,2015,Abricot franc,,,45.450001,-0.049351,
Abricotier,Pêche de Nancy,2015,Abricot franc,,,45.450036,-0.049493,
Abricotier,Des Justices,2015,Abricot franc,,,45.450108,-0.049537,
Abricotier,Tardif de Bordaneil,2017,Abricot franc,,,45.450052,-0.049332,
Abricotier,De Montgammé,2015,Abricot franc,,,45.450019,-0.049427,
Abricotier,Rustique des Pyrénées,2017,Abricot franc,,,45.450032,-0.049263,
Abricotier,Polonais ou Orangé de Provence,2015,Abricot franc,,,45.449964,-0.049215,
Abricotier,Angoumois,2015,Abricot franc,,,45.449947,-0.04915,
Abricotier,Nicole ou commun de Nicole,2015,Prunier,,,45.44993,-0.049073,
Abricotier,du Mas,2015,Myrobolan,,,45.449612,-0.049578,
Prunier,Sainte Catherine,2015,Myrobolan,,,45.449289,-0.049946,
Prunier,Madame Violette,2015,Myrobolan,,,45.449983,-0.049285,
Prunier,Abricot (Courgeac),2022,Myrobolan,,,45.449758,-0.049637,
Prunier,Sucrette,2017,Myrobolan,,,45.450071,-0.049405,
Prunier,Citron,2022,Myrobolan,,,45.449733,-0.049526,
Prunier,"D'Ente véritable ou "" Robe de sergent """,2022,Myrobolan,,,45.449784,-0.049752,
Prunier,Monsieur Jaune,2017,Myrobolan,,,45.449748,-0.049764,
Prunier,Quetsche d'Alsace,2017,Myrobolan,,,45.449734,-0.049713,
Prunier,Quetsche blanche,2017,Myrobolan,,,45.449717,-0.04966,
Prunier,Reine Claude Diaphane,2017,Myrobolan,,,45.449705,-0.049609,
Prunier,Saint Michel,2017,Myrobolan,,,45.449688,-0.049544,
Prunier,Santa-Clara,2017,Myrobolan,,,45.449675,-0.049495,
Prunier,Citron,2017,Myrobolan,,,45.449661,-0.04943,
Prunier,Belle de Louvain ou Couille de pape,2018,Myrobolan,,,45.449641,-0.049376,
Prunier,Saint Jean (Verdalle),2016,Myrobolan,,,45.449576,-0.049282,
Prunier,Banane,2014,Myrobolan,,,45.449605,-0.049397,
Prunier,Navette,2016,Myrobolan,,,45.449621,-0.049448,
Prunier,Reine Claude Dorée,2016,Myrobolan,,,45.449638,-0.049504,
Prunier,Reine Claude de Moissac,2016,Myrobolan,,,45.449649,-0.049561,
Prunier,Abricot,2016,Myrobolan,,,45.449664,-0.049621,
Prunier,Prune d'amour,,Myrobolan,,,45.449681,-0.049677,
Prunier,Impériale Murat (grosse d'Agen),2017,Myrobolan,,,45.449696,-0.049734,
Prunier,Mirabelle de Nancy,,Myrobolan,,,45.449705,-0.049787,
Prunier,de Damas,2014,Franc,,,45.449525,-0.049244,
Prunier,Thames cross,2014,Myrobolan,,,45.449538,-0.049292,
Prunier,Stanley,2014,Myrobolan,,,45.449568,-0.049414,
Prunier,Reine Claude Diaphane,2014,Myrobolan,,,45.449579,-0.049465,
Prunier,Abricot tardive,2022,Myrobolan,,,45.449626,-0.049626,
Prunier,Patache,2014,Myrobolan,,,45.449642,-0.049685,
Prunier,Burbank japonaise,2014,Myrobolan,,,45.449656,-0.049744,
Prunier,Timbon,,Myrobolan,,,45.449672,-0.049802,
Cormier,Cormier,2014,Franc,,,45.449144,-0.049397,
Poirier,moulin chapou,1960,,,,45.156275,-0.036746,
Poirier,la beurrée de lamet,1960,,,,45.15617,-0.036447,
Poirier,beuraiguline (beurrée-guline),1960,,,,45.156044,-0.036345,
Poirier,belle épine (buc de Bordeaux),2020,franc,,,45.156477,-0.036745,
Poirier,le bonne poire,1960,,,,45.156201,-0.036517,
Poirier,la bonne poire,2022,franc,,,45.155928,-0.036222,
Cogniacier,monstrueux de vranja,2020,franc,,,45.156177,-0.036824,
Pommier,reinette jaune de la Rochelle,2019,M7,,,45.156225,-0.036821,
Pommier,"St Germaine, reinette de Brive",2023,M7,,,45.156774,-0.03737,
Pommier,nationale,2023,M7,,,45.156719,-0.037273,
Prunier,reine claude dorée,2023,prunier domestique,,,45.15614,-0.036609,
Prunier,reine claude diaphane,2022,prunier domestique,,,45.156514,-0.036934,
Prunier,reine claude violette,2018,prunier domestique(?),,,45.156737,-0.037137,
Cerisier,napoleon,2021,,,,45.156328,-0.036522,
Cerisier,Pierre Pigeaud,2023,meurisier,,http://memoirefruitieredescharentes.fr/wp-content/uploads/2018/05/Pierre-Pigeaud-46.pdf,45.156382,-0.036354,
Cerisier,coeur de pigon noir,2023,meurisier,,,45.156605,-0.03745,
Abricotier,Nicole,2023,franc,,,45.156546,-0.036832,
Abricotier,Brady,2023,,,issu de semis,45.156629,-0.036853,
Amandier,prince,2021,,,,45.156255,-0.037034,
Nectarinier,variété commerciale non identifiée,2018,,,,45.15675,-0.037178,
Figuier,Dalmatie,2023,,,issu de marcotte,45.156318,-0.037163,